[{"model": "sessions.session", "pk": "4jc3frkmskbmvmwg4fmbqmfzoxj1nlwh", "fields": {"session_data": ".eJxVi8sKwjAQRf9l1lKSSfPqzvohYdKZEBEVTLIS_10KXejy3HPPGxKNXtNo8kpXhgUsnH63TNtNHrvYsU0Ht-kyWn_ez6PX9bj8dZVahQXYe-sUiydVcvBk8oYqmiA4I1NBcj4Kk1aFNVpfJGojOaDjEvMcHXy-4Cs1HQ:1wJpNO:A1VrqY74ao-htNT4gBs_D05MDvDu4zzGgEnW66Xf_aw", "expire_date": "2026-05-18T09:14:06.458Z"}}, {"model": "token_blacklist.outstandingtoken", "pk": 1, "fields": {"user": 2, "jti": "fbef249959ae46dba98c0a1eadec1458", "token": "eyJhbGciOiJIUzI1NiIsInR5cCI6IkpXVCJ9.eyJ0b2tlbl90eXBlIjoicmVmcmVzaCIsImV4cCI6MTc3NzU1MDQzOSwiaWF0IjoxNzc3NDY0MDM5LCJqdGkiOiJmYmVmMjQ5OTU5YWU0NmRiYTk4YzBhMWVhZGVjMTQ1OCIsInVzZXJfaWQiOiIyIn0.PP-uaLwAieN8dCLOAAUn12FKSrckU20CjcZr7mctIAY", "created_at": "2026-04-29T12:00:39.279Z", "expires_at": "2026-04-30T12:00:39Z"}}, {"model": "token_blacklist.outstandingtoken", "pk": 2, "fields": {"user": 2, "jti": "c254d4fe4701486db2beee38137da862", "token": "eyJhbGciOiJIUzI1NiIsInR5cCI6IkpXVCJ9.eyJ0b2tlbl90eXBlIjoicmVmcmVzaCIsImV4cCI6MTc3NzU1MTAzMCwiaWF0IjoxNzc3NDY0NjMwLCJqdGkiOiJjMjU0ZDRmZTQ3MDE0ODZkYjJiZWVlMzgxMzdkYTg2MiIsInVzZXJfaWQiOiIyIn0.e-I7qSIFVPHUK6KHOsgR8XyTmwfyKwMlnbjS_J-4MCU", "created_at": "2026-04-29T12:10:30.111Z", "expires_at": "2026-04-30T12:10:30Z"}}, {"model": "token_blacklist.outstandingtoken", "pk": 3, "fields": {"user": 2, "jti": "92bddab4edfa4f708c95d3e5bd3c2dd7", "token": "eyJhbGciOiJIUzI1NiIsInR5cCI6IkpXVCJ9.eyJ0b2tlbl90eXBlIjoicmVmcmVzaCIsImV4cCI6MTc3NzU1MTgzMiwiaWF0IjoxNzc3NDY1NDMyLCJqdGkiOiI5MmJkZGFiNGVkZmE0ZjcwOGM5NWQzZTViZDNjMmRkNyIsInVzZXJfaWQiOiIyIn0.xriTKC035Kd5UwxOyXTc52KqxfDypdRiIrUuH31DPnE", "created_at": "2026-04-29T12:23:52.090Z", "expires_at": "2026-04-30T12:23:52Z"}}, {"model": "token_blacklist.outstandingtoken", "pk": 4, "fields": {"user": 2, "jti": "2600ef5eeebd4450b55427edf2944da1", "token": "eyJhbGciOiJIUzI1NiIsInR5cCI6IkpXVCJ9.eyJ0b2tlbl90eXBlIjoicmVmcmVzaCIsImV4cCI6MTc3NzU1MjAxNCwiaWF0IjoxNzc3NDY1NjE0LCJqdGkiOiIyNjAwZWY1ZWVlYmQ0NDUwYjU1NDI3ZWRmMjk0NGRhMSIsInVzZXJfaWQiOiIyIn0.u8NgBpKpmfd8cb1Fi4fuM7zAPsIsbchrugMh6c3jv8U", "created_at": "2026-04-29T12:26:54.147Z", "expires_at": "2026-04-30T12:26:54Z"}}, {"model": "token_blacklist.outstandingtoken", "pk": 5, "fields": {"user": 2, "jti": "44ad69b278ec4a5086089f6c0a0def5d", "token": "eyJhbGciOiJIUzI1NiIsInR5cCI6IkpXVCJ9.eyJ0b2tlbl90eXBlIjoicmVmcmVzaCIsImV4cCI6MTc3NzYzOTEwMiwiaWF0IjoxNzc3NTUyNzAyLCJqdGkiOiI0NGFkNjliMjc4ZWM0YTUwODYwODlmNmMwYTBkZWY1ZCIsInVzZXJfaWQiOiIyIn0.14xbkxuizf3m81CdvaC6KPI0htwKiCt1XJUYYi8mk88", "created_at": "2026-04-30T12:38:22.431Z", "expires_at": "2026-05-01T12:38:22Z"}}, {"model": "token_blacklist.outstandingtoken", "pk": 6, "fields": {"user": 3, "jti": "b6dbe07317e645d2be827a06c3107e92", "token": "eyJhbGciOiJIUzI1NiIsInR5cCI6IkpXVCJ9.eyJ0b2tlbl90eXBlIjoicmVmcmVzaCIsImV4cCI6MTc3Nzk3MDQ5NiwiaWF0IjoxNzc3ODg0MDk2LCJqdGkiOiJiNmRiZTA3MzE3ZTY0NWQyYmU4MjdhMDZjMzEwN2U5MiIsInVzZXJfaWQiOiIzIn0.FAU4jHdXxlUQfxpZNVgvNHglQRMUhu67ZnPsHfz_sVE", "created_at": "2026-05-04T08:41:36.497Z", "expires_at": "2026-05-05T08:41:36Z"}}, {"model": "token_blacklist.outstandingtoken", "pk": 7, "fields": {"user": 3, "jti": "696eb822f9d842afbce11c752a1537f0", "token": "eyJhbGciOiJIUzI1NiIsInR5cCI6IkpXVCJ9.eyJ0b2tlbl90eXBlIjoicmVmcmVzaCIsImV4cCI6MTc3Nzk3MDU0NywiaWF0IjoxNzc3ODg0MTQ3LCJqdGkiOiI2OTZlYjgyMmY5ZDg0MmFmYmNlMTFjNzUyYTE1MzdmMCIsInVzZXJfaWQiOiIzIn0.9FTSfWg0sKSn2QO4vEm39w3ccPNKxj3GeqKkB8LWYwU", "created_at": "2026-05-04T08:42:27.022Z", "expires_at": "2026-05-05T08:42:27Z"}}, {"model": "token_blacklist.outstandingtoken", "pk": 8, "fields": {"user": 4, "jti": "9ae36ef4d5644d48b4ec86f77600c225", "token": "eyJhbGciOiJIUzI1NiIsInR5cCI6IkpXVCJ9.eyJ0b2tlbl90eXBlIjoicmVmcmVzaCIsImV4cCI6MTc3Nzk3MjIyNCwiaWF0IjoxNzc3ODg1ODI0LCJqdGkiOiI5YWUzNmVmNGQ1NjQ0ZDQ4YjRlYzg2Zjc3NjAwYzIyNSIsInVzZXJfaWQiOiI0In0.5jr3AN_ZTcZLkbKxO0iSe2a1GQNAr-fcD5NlEI9oDEU", "created_at": "2026-05-04T09:10:24.911Z", "expires_at": "2026-05-05T09:10:24Z"}}, {"model": "token_blacklist.outstandingtoken", "pk": 9, "fields": {"user": 2, "jti": "82f23eefb0b948a88ad2ec73cfc68dc2", "token": "eyJhbGciOiJIUzI1NiIsInR5cCI6IkpXVCJ9.eyJ0b2tlbl90eXBlIjoicmVmcmVzaCIsImV4cCI6MTc3Nzk3NzY0NywiaWF0IjoxNzc3ODkxMjQ3LCJqdGkiOiI4MmYyM2VlZmIwYjk0OGE4OGFkMmVjNzNjZmM2OGRjMiIsInVzZXJfaWQiOiIyIn0.TP9rU9CU4PgTo6mlqu8Qi8EERJ0NdhL-d0OcF3qbGZ4", "created_at": "2026-05-04T10:40:47.970Z", "expires_at": "2026-05-05T10:40:47Z"}}, {"model": "token_blacklist.outstandingtoken", "pk": 10, "fields": {"user": 7, "jti": "0a1d254acea54a949f096c3f09918445", "token": "eyJhbGciOiJIUzI1NiIsInR5cCI6IkpXVCJ9.eyJ0b2tlbl90eXBlIjoicmVmcmVzaCIsImV4cCI6MTc3ODA3MDE1MCwiaWF0IjoxNzc3OTgzNzUwLCJqdGkiOiIwYTFkMjU0YWNlYTU0YTk0OWYwOTZjM2YwOTkxODQ0NSIsInVzZXJfaWQiOiI3In0.9-rHz4LvNOHeWXw24XmfFG3mqa1JFpT_3-sP4pRS85A", "created_at": "2026-05-05T12:22:30.341Z", "expires_at": "2026-05-06T12:22:30Z"}}, {"model": "token_blacklist.outstandingtoken", "pk": 11, "fields": {"user": 6, "jti": "c321e322b9ea43c1b58ac70004327a1f", "token": "eyJhbGciOiJIUzI1NiIsInR5cCI6IkpXVCJ9.eyJ0b2tlbl90eXBlIjoicmVmcmVzaCIsImV4cCI6MTc3ODA3MDE3NywiaWF0IjoxNzc3OTgzNzc3LCJqdGkiOiJjMzIxZTMyMmI5ZWE0M2MxYjU4YWM3MDAwNDMyN2ExZiIsInVzZXJfaWQiOiI2In0.ShDOxJgHl22PEC8LGTUUwxXhcNlYZtNQ7MmoVqWLSZA", "created_at": "2026-05-05T12:22:57.073Z", "expires_at": "2026-05-06T12:22:57Z"}}, {"model": "token_blacklist.outstandingtoken", "pk": 12, "fields": {"user": 6, "jti": "b9c2c92ebdc44268b6981207d498af11", "token": "eyJhbGciOiJIUzI1NiIsInR5cCI6IkpXVCJ9.eyJ0b2tlbl90eXBlIjoicmVmcmVzaCIsImV4cCI6MTc3ODA3MDE3NywiaWF0IjoxNzc3OTgzNzc3LCJqdGkiOiJiOWMyYzkyZWJkYzQ0MjY4YjY5ODEyMDdkNDk4YWYxMSIsInVzZXJfaWQiOiI2In0.3fsBdjplHmCIfuzjNxe_UK4B5MaUmkyjpuQmYPliXS4", "created_at": "2026-05-05T12:22:57.470Z", "expires_at": "2026-05-06T12:22:57Z"}}, {"model": "token_blacklist.outstandingtoken", "pk": 13, "fields": {"user": 6, "jti": "2e9081803cb541698d861b886c02b3b3", "token": "eyJhbGciOiJIUzI1NiIsInR5cCI6IkpXVCJ9.eyJ0b2tlbl90eXBlIjoicmVmcmVzaCIsImV4cCI6MTc3ODA3MDE3OCwiaWF0IjoxNzc3OTgzNzc4LCJqdGkiOiIyZTkwODE4MDNjYjU0MTY5OGQ4NjFiODg2YzAyYjNiMyIsInVzZXJfaWQiOiI2In0.Q5Mv5KiRdFsjbiCQy5OZunMU7KOYuRmYFY9hTRqeXZI", "created_at": "2026-05-05T12:22:58.564Z", "expires_at": "2026-05-06T12:22:58Z"}}, {"model": "token_blacklist.outstandingtoken", "pk": 14, "fields": {"user": 7, "jti": "7f3bd369359a49bbb59903c05dd32af7", "token": "eyJhbGciOiJIUzI1NiIsInR5cCI6IkpXVCJ9.eyJ0b2tlbl90eXBlIjoicmVmcmVzaCIsImV4cCI6MTc3ODA3MDg4MCwiaWF0IjoxNzc3OTg0NDgwLCJqdGkiOiI3ZjNiZDM2OTM1OWE0OWJiYjU5OTAzYzA1ZGQzMmFmNyIsInVzZXJfaWQiOiI3In0.vJYtK2QwAaiMza0gIOz19l_iOAyPRmJ1xDRU2zUJYFg", "created_at": "2026-05-05T12:34:40.718Z", "expires_at": "2026-05-06T12:34:40Z"}}, {"model": "token_blacklist.outstandingtoken", "pk": 15, "fields": {"user": 6, "jti": "76f02a5b05784182a48ad994121f17e5", "token": "eyJhbGciOiJIUzI1NiIsInR5cCI6IkpXVCJ9.eyJ0b2tlbl90eXBlIjoicmVmcmVzaCIsImV4cCI6MTc3ODA3MTIxMywiaWF0IjoxNzc3OTg0ODEzLCJqdGkiOiI3NmYwMmE1YjA1Nzg0MTgyYTQ4YWQ5OTQxMjFmMTdlNSIsInVzZXJfaWQiOiI2In0.JsmUMNgIArmMXXzPo0tIg7GNqtwmnk4b0QFPzjIzbkY", "created_at": "2026-05-05T12:40:13.699Z", "expires_at": "2026-05-06T12:40:13Z"}}, {"model": "token_blacklist.outstandingtoken", "pk": 16, "fields": {"user": 6, "jti": "230eaa005d7243e9952a46777d823bc9", "token": "eyJhbGciOiJIUzI1NiIsInR5cCI6IkpXVCJ9.eyJ0b2tlbl90eXBlIjoicmVmcmVzaCIsImV4cCI6MTc3ODA3MTIxNiwiaWF0IjoxNzc3OTg0ODE2LCJqdGkiOiIyMzBlYWEwMDVkNzI0M2U5OTUyYTQ2Nzc3ZDgyM2JjOSIsInVzZXJfaWQiOiI2In0.8CR21zgrPQzx-_MuH5A-5ofruPmxmDjU3pWWgH5vBV4", "created_at": "2026-05-05T12:40:16.043Z", "expires_at": "2026-05-06T12:40:16Z"}}, {"model": "token_blacklist.outstandingtoken", "pk": 17, "fields": {"user": 6, "jti": "9fe4d20d68dc415b9226b08101d46c7c", "token": "eyJhbGciOiJIUzI1NiIsInR5cCI6IkpXVCJ9.eyJ0b2tlbl90eXBlIjoicmVmcmVzaCIsImV4cCI6MTc3ODEzMTAzMiwiaWF0IjoxNzc4MDQ0NjMyLCJqdGkiOiI5ZmU0ZDIwZDY4ZGM0MTViOTIyNmIwODEwMWQ0NmM3YyIsInVzZXJfaWQiOiI2In0.T228hhT4BEu1Hh5BfnB1t3saHdxgCndAFB51E4JaaFQ", "created_at": "2026-05-06T05:17:12.274Z", "expires_at": "2026-05-07T05:17:12Z"}}, {"model": "token_blacklist.outstandingtoken", "pk": 18, "fields": {"user": 8, "jti": "cb9a7c944552455686b8cba1cec325e4", "token": "eyJhbGciOiJIUzI1NiIsInR5cCI6IkpXVCJ9.eyJ0b2tlbl90eXBlIjoicmVmcmVzaCIsImV4cCI6MTc3ODEzMzM0MiwiaWF0IjoxNzc4MDQ2OTQyLCJqdGkiOiJjYjlhN2M5NDQ1NTI0NTU2ODZiOGNiYTFjZWMzMjVlNCIsInVzZXJfaWQiOiI4In0.Wyf5ywoxBtjcoN4nW0Niaryo0n1uwmn9zLhbNdxx24Q", "created_at": "2026-05-06T05:55:42.505Z", "expires_at": "2026-05-07T05:55:42Z"}}, {"model": "token_blacklist.outstandingtoken", "pk": 19, "fields": {"user": 6, "jti": "16885353fb344144827fea9cd190d22e", "token": "eyJhbGciOiJIUzI1NiIsInR5cCI6IkpXVCJ9.eyJ0b2tlbl90eXBlIjoicmVmcmVzaCIsImV4cCI6MTc3ODEzNDMwMCwiaWF0IjoxNzc4MDQ3OTAwLCJqdGkiOiIxNjg4NTM1M2ZiMzQ0MTQ0ODI3ZmVhOWNkMTkwZDIyZSIsInVzZXJfaWQiOiI2In0.VCZWx2RnM22kLi_cV4iYvwYJzTSdvJHlvT5WnVDFHuw", "created_at": "2026-05-06T06:11:40.618Z", "expires_at": "2026-05-07T06:11:40Z"}}, {"model": "token_blacklist.outstandingtoken", "pk": 20, "fields": {"user": 6, "jti": "628a2af013814fb39449b803f4cfddcf", "token": "eyJhbGciOiJIUzI1NiIsInR5cCI6IkpXVCJ9.eyJ0b2tlbl90eXBlIjoicmVmcmVzaCIsImV4cCI6MTc3ODEzNDc1NywiaWF0IjoxNzc4MDQ4MzU3LCJqdGkiOiI2MjhhMmFmMDEzODE0ZmIzOTQ0OWI4MDNmNGNmZGRjZiIsInVzZXJfaWQiOiI2In0.Wnxce8D6UAIQywec9FkThnm9ItiCZIqhiD72_AykZTs", "created_at": "2026-05-06T06:19:17.016Z", "expires_at": "2026-05-07T06:19:17Z"}}, {"model": "token_blacklist.outstandingtoken", "pk": 21, "fields": {"user": 6, "jti": "a05947ad797b46a68b5952fadbb4cd8d", "token": "eyJhbGciOiJIUzI1NiIsInR5cCI6IkpXVCJ9.eyJ0b2tlbl90eXBlIjoicmVmcmVzaCIsImV4cCI6MTc3ODEzNTAyMiwiaWF0IjoxNzc4MDQ4NjIyLCJqdGkiOiJhMDU5NDdhZDc5N2I0NmE2OGI1OTUyZmFkYmI0Y2Q4ZCIsInVzZXJfaWQiOiI2In0.8ZHQtvkLlx_tUtv-eGrk1wBJ2NMq7Fe6vhFyEd5n93k", "created_at": "2026-05-06T06:23:42.503Z", "expires_at": "2026-05-07T06:23:42Z"}}, {"model": "token_blacklist.outstandingtoken", "pk": 22, "fields": {"user": 6, "jti": "c58338b5054941dbaf03057cb4f95cf0", "token": "eyJhbGciOiJIUzI1NiIsInR5cCI6IkpXVCJ9.eyJ0b2tlbl90eXBlIjoicmVmcmVzaCIsImV4cCI6MTc3ODEzNTA2MSwiaWF0IjoxNzc4MDQ4NjYxLCJqdGkiOiJjNTgzMzhiNTA1NDk0MWRiYWYwMzA1N2NiNGY5NWNmMCIsInVzZXJfaWQiOiI2In0.nTyligBJWx2xar7eRLg-vrvdsspF39msgNGkxKxSSDA", "created_at": "2026-05-06T06:24:21.361Z", "expires_at": "2026-05-07T06:24:21Z"}}, {"model": "token_blacklist.outstandingtoken", "pk": 23, "fields": {"user": 6, "jti": "886f906eb1f443ca891e83736d807847", "token": "eyJhbGciOiJIUzI1NiIsInR5cCI6IkpXVCJ9.eyJ0b2tlbl90eXBlIjoicmVmcmVzaCIsImV4cCI6MTc3ODEzNTM4OCwiaWF0IjoxNzc4MDQ4OTg4LCJqdGkiOiI4ODZmOTA2ZWIxZjQ0M2NhODkxZTgzNzM2ZDgwNzg0NyIsInVzZXJfaWQiOiI2In0.7AtEWXVrhdphQE0WjgsAW2YeGM2FouQCQnQG0FNHqmI", "created_at": "2026-05-06T06:29:48.419Z", "expires_at": "2026-05-07T06:29:48Z"}}, {"model": "token_blacklist.outstandingtoken", "pk": 24, "fields": {"user": 6, "jti": "e10cce0e89ee461c8e2d45af9ceb7ef4", "token": "eyJhbGciOiJIUzI1NiIsInR5cCI6IkpXVCJ9.eyJ0b2tlbl90eXBlIjoicmVmcmVzaCIsImV4cCI6MTc3ODEzNTU2NywiaWF0IjoxNzc4MDQ5MTY3LCJqdGkiOiJlMTBjY2UwZTg5ZWU0NjFjOGUyZDQ1YWY5Y2ViN2VmNCIsInVzZXJfaWQiOiI2In0.ppJaTJNq4CWWFkn-wsd7ajwQUtb4pyO87nwHP91kZSc", "created_at": "2026-05-06T06:32:47.605Z", "expires_at": "2026-05-07T06:32:47Z"}}, {"model": "token_blacklist.outstandingtoken", "pk": 25, "fields": {"user": 6, "jti": "cfe6066de3a347fcbe28db9756709321", "token": "eyJhbGciOiJIUzI1NiIsInR5cCI6IkpXVCJ9.eyJ0b2tlbl90eXBlIjoicmVmcmVzaCIsImV4cCI6MTc3ODEzNTg1NiwiaWF0IjoxNzc4MDQ5NDU2LCJqdGkiOiJjZmU2MDY2ZGUzYTM0N2ZjYmUyOGRiOTc1NjcwOTMyMSIsInVzZXJfaWQiOiI2In0.HHM_1MMwu4mLs3_m4bcLRHH-PAZSqiv5Ahpr8xi__-Q", "created_at": "2026-05-06T06:37:36.875Z", "expires_at": "2026-05-07T06:37:36Z"}}, {"model": "token_blacklist.outstandingtoken", "pk": 26, "fields": {"user": 7, "jti": "66049fa7f1854ff9971ae3bd3af6fbe1", "token": "eyJhbGciOiJIUzI1NiIsInR5cCI6IkpXVCJ9.eyJ0b2tlbl90eXBlIjoicmVmcmVzaCIsImV4cCI6MTc3ODEzNTkxMiwiaWF0IjoxNzc4MDQ5NTEyLCJqdGkiOiI2NjA0OWZhN2YxODU0ZmY5OTcxYWUzYmQzYWY2ZmJlMSIsInVzZXJfaWQiOiI3In0.b9HKgYR9OfTDZf06FG-bYNo7Iz6YJmH-TW7q8iREIoU", "created_at": "2026-05-06T06:38:32.978Z", "expires_at": "2026-05-07T06:38:32Z"}}, {"model": "token_blacklist.outstandingtoken", "pk": 27, "fields": {"user": 7, "jti": "032e86ec3d044181879e7d1f71d19434", "token": "eyJhbGciOiJIUzI1NiIsInR5cCI6IkpXVCJ9.eyJ0b2tlbl90eXBlIjoicmVmcmVzaCIsImV4cCI6MTc3ODEzNjI0MywiaWF0IjoxNzc4MDQ5ODQzLCJqdGkiOiIwMzJlODZlYzNkMDQ0MTgxODc5ZTdkMWY3MWQxOTQzNCIsInVzZXJfaWQiOiI3In0.ZRvwpG-ou1xqsDQ-vJBVQbqK_9uOiR5vmyEXpn-hTdY", "created_at": "2026-05-06T06:44:03.962Z", "expires_at": "2026-05-07T06:44:03Z"}}, {"model": "token_blacklist.outstandingtoken", "pk": 28, "fields": {"user": 6, "jti": "e75ce8baec354dc78f385a59bc04367d", "token": "eyJhbGciOiJIUzI1NiIsInR5cCI6IkpXVCJ9.eyJ0b2tlbl90eXBlIjoicmVmcmVzaCIsImV4cCI6MTc3ODE0MDE0OCwiaWF0IjoxNzc4MDUzNzQ4LCJqdGkiOiJlNzVjZThiYWVjMzU0ZGM3OGYzODVhNTliYzA0MzY3ZCIsInVzZXJfaWQiOiI2In0.otW1tFiDlR8JDlqhRgxe1nhqJTMVtgvYwidq0GLnSEE", "created_at": "2026-05-06T07:49:08.266Z", "expires_at": "2026-05-07T07:49:08Z"}}, {"model": "token_blacklist.outstandingtoken", "pk": 29, "fields": {"user": 6, "jti": "6d6d4bf5c5624315b0cebf1c363b0a97", "token": "eyJhbGciOiJIUzI1NiIsInR5cCI6IkpXVCJ9.eyJ0b2tlbl90eXBlIjoicmVmcmVzaCIsImV4cCI6MTc3ODE0MDE2NCwiaWF0IjoxNzc4MDUzNzY0LCJqdGkiOiI2ZDZkNGJmNWM1NjI0MzE1YjBjZWJmMWMzNjNiMGE5NyIsInVzZXJfaWQiOiI2In0.IQ8XXJffWM48NYFIxBuM1wQnAZH72zYhMXN_GgfTVYo", "created_at": "2026-05-06T07:49:24.303Z", "expires_at": "2026-05-07T07:49:24Z"}}, {"model": "token_blacklist.outstandingtoken", "pk": 30, "fields": {"user": 6, "jti": "a54fc14adf284a83831f94d81eabbe6c", "token": "eyJhbGciOiJIUzI1NiIsInR5cCI6IkpXVCJ9.eyJ0b2tlbl90eXBlIjoicmVmcmVzaCIsImV4cCI6MTc3ODE1NTI0NSwiaWF0IjoxNzc4MDY4ODQ1LCJqdGkiOiJhNTRmYzE0YWRmMjg0YTgzODMxZjk0ZDgxZWFiYmU2YyIsInVzZXJfaWQiOiI2In0.fViEwfmMltC-1iYrvL7o91I3kMKbSkPpY60m7Whz1gY", "created_at": "2026-05-06T12:00:45.641Z", "expires_at": "2026-05-07T12:00:45Z"}}, {"model": "token_blacklist.outstandingtoken", "pk": 31, "fields": {"user": 6, "jti": "494a3c1c3c974c7ca6f5203fc9d30cae", "token": "eyJhbGciOiJIUzI1NiIsInR5cCI6IkpXVCJ9.eyJ0b2tlbl90eXBlIjoicmVmcmVzaCIsImV4cCI6MTc3ODIyODI2NywiaWF0IjoxNzc4MTQxODY3LCJqdGkiOiI0OTRhM2MxYzNjOTc0YzdjYTZmNTIwM2ZjOWQzMGNhZSIsInVzZXJfaWQiOiI2In0.45Es_hNssHXpMyUYMUaaeIjEee3Wol1SfMogOqpyaz0", "created_at": "2026-05-07T08:17:47.972Z", "expires_at": "2026-05-08T08:17:47Z"}}, {"model": "token_blacklist.blacklistedtoken", "pk": 1, "fields": {"token": 1, "blacklisted_at": "2026-04-29T12:10:30.122Z"}}, {"model": "token_blacklist.blacklistedtoken", "pk": 2, "fields": {"token": 4, "blacklisted_at": "2026-04-29T12:32:06.246Z"}}, {"model": "token_blacklist.blacklistedtoken", "pk": 3, "fields": {"token": 6, "blacklisted_at": "2026-05-04T08:42:27.030Z"}}, {"model": "users.user", "pk": 1, "fields": {"password": "pbkdf2_sha256$1200000$0HuCsYjtjTC5YcChuu3GbW$3YKWoCfREOcFx79jqPW2Jmh2KHyskdS2qAwj7bLRYl4=", "last_login": null, "is_superuser": false, "username": "username", "first_name": "Test1", "last_name": "Test@", "is_staff": false, "is_active": true, "date_joined": "2026-04-29T11:16:30.385Z", "email": "test1@gmail.com", "mobile_number": "123456789", "role": "CUSTOMER", "groups": [], "user_permissions": []}}, {"model": "users.user", "pk": 2, "fields": {"password": "pbkdf2_sha256$1200000$yKpwaZUx3394Inx7F7PdA7$aqMz7RopU7ThvETG9UaZgTXfWXOQ5ijoVS8NOvim0RU=", "last_login": "2026-05-04T10:40:48.047Z", "is_superuser": false, "username": "naresh", "first_name": "naresh", "last_name": "patidar", "is_staff": false, "is_active": true, "date_joined": "2026-04-29T11:56:21.212Z", "email": "naresh@gmail.com", "mobile_number": "8000131313", "role": "CUSTOMER", "groups": [], "user_permissions": []}}, {"model": "users.user", "pk": 3, "fields": {"password": "pbkdf2_sha256$1200000$TMEaIBIGkeJ4N5cDi6vJ6F$Tq+ebvglbcXPh1Rd62ZkM7cVfyRn3OP/LlpScKH5G54=", "last_login": "2026-05-04T08:41:36.525Z", "is_superuser": false, "username": "naresh123", "first_name": "naresh", "last_name": "patidar", "is_staff": false, "is_active": true, "date_joined": "2026-05-04T08:39:53.691Z", "email": "naresh123@gmail.com", "mobile_number": "8000131314", "role": "CUSTOMER", "groups": [], "user_permissions": []}}, {"model": "users.user", "pk": 4, "fields": {"password": "pbkdf2_sha256$1200000$tHG0j8x5DT2WIlJzeSNHAc$51+1I3Yp3hZRKRQJpa+/APswA6G/gSPDa+2bZBg+S6g=", "last_login": "2026-05-04T09:10:24.930Z", "is_superuser": false, "username": "shopowner", "first_name": "", "last_name": "", "is_staff": false, "is_active": true, "date_joined": "2026-05-04T08:54:01.108Z", "email": "shop@test.com", "mobile_number": "8000131316", "role": "SELLER", "groups": [], "user_permissions": []}}, {"model": "users.user", "pk": 5, "fields": {"password": "pbkdf2_sha256$1200000$1oqhSHuEXxRZ8ZiOo4k3If$9kLlB9cHm/t5mcBZEGpoY9xfWEcwC2dBwTA/d9qGkNs=", "last_login": "2026-05-04T09:14:06.453Z", "is_superuser": true, "username": "superuser", "first_name": "", "last_name": "", "is_staff": true, "is_active": true, "date_joined": "2026-05-04T09:13:11.051Z", "email": "superuser@gmail.com", "mobile_number": null, "role": "CUSTOMER", "groups": [], "user_permissions": []}}, {"model": "users.user", "pk": 6, "fields": {"password": "pbkdf2_sha256$1200000$NVERCIqtJHLobnm2nJeizk$FuLtIsgU6+0Cfb68rW5xqbJY0JbjnYwjbkPbxNylypI=", "last_login": "2026-05-07T08:17:48.016Z", "is_superuser": false, "username": "customer", "first_name": "", "last_name": "", "is_staff": false, "is_active": true, "date_joined": "2026-05-05T12:21:32.458Z", "email": "customer@gmail.com", "mobile_number": "8000111213", "role": "CUSTOMER", "groups": [], "user_permissions": []}}, {"model": "users.user", "pk": 7, "fields": {"password": "pbkdf2_sha256$1200000$uhq5ZadTCePBNclrsm19uY$Sv/9CHIoeFWL9qUTRJcMsi+ja4NCG52mPCmG/yLtiqQ=", "last_login": "2026-05-06T06:44:03.968Z", "is_superuser": false, "username": "seller", "first_name": "", "last_name": "", "is_staff": false, "is_active": true, "date_joined": "2026-05-05T12:22:14.340Z", "email": "seller@gmail.com", "mobile_number": "8000111214", "role": "SELLER", "groups": [], "user_permissions": []}}, {"model": "users.user", "pk": 8, "fields": {"password": "pbkdf2_sha256$1200000$jv261Yad5AEpA3epAqSDlL$vj7FK1Q9aZB3OcRaJISeJmEiPNO38exhHy+J9x70JWk=", "last_login": "2026-05-06T05:55:42.537Z", "is_superuser": false, "username": "customer1", "first_name": "new", "last_name": "customer", "is_staff": false, "is_active": true, "date_joined": "2026-05-06T05:55:26.345Z", "email": "customer1@gmail.com", "mobile_number": "1234567890", "role": "CUSTOMER", "groups": [], "user_permissions": []}}, {"model": "users.sellerprofile", "pk": 1, "fields": {"user": 4, "store_name": "", "store_description": "", "business_address": "", "gst_number": "", "is_approved": true, "created_at": "2026-05-04T08:54:02.560Z", "updated_at": "2026-05-05T12:34:53.745Z"}}, {"model": "users.sellerprofile", "pk": 2, "fields": {"user": 7, "store_name": "", "store_description": "", "business_address": "", "gst_number": "", "is_approved": true, "created_at": "2026-05-05T12:22:16.877Z", "updated_at": "2026-05-05T12:34:53.787Z"}}, {"model": "users.customerprofile", "pk": 1, "fields": {"user": 3, "shipping_address": "", "city": "", "state": "", "pincode": "", "created_at": "2026-05-04T08:39:54.987Z", "updated_at": "2026-05-04T08:59:52.501Z"}}, {"model": "users.customerprofile", "pk": 2, "fields": {"user": 6, "shipping_address": "", "city": "", "state": "", "pincode": "", "created_at": "2026-05-05T12:21:34.826Z", "updated_at": "2026-05-05T12:21:34.826Z"}}, {"model": "users.customerprofile", "pk": 3, "fields": {"user": 8, "shipping_address": "", "city": "", "state": "", "pincode": "", "created_at": "2026-05-06T05:55:27.649Z", "updated_at": "2026-05-06T05:55:27.649Z"}}, {"model": "products.category", "pk": 1, "fields": {"name": "Electronics & Gadgets", "description": "Smartphones, laptops, cameras, and consumer electronics."}}, {"model": "products.category", "pk": 2, "fields": {"name": "Men's Clothing", "description": "Shirts, jeans, jackets, and accessories for men."}}, {"model": "products.category", "pk": 3, "fields": {"name": "Women's Fashion", "description": "Dresses, tops, jewelry, and fashion accessories for women."}}, {"model": "products.category", "pk": 4, "fields": {"name": "Home & Kitchen", "description": "Furniture, decor, cookware, and home appliances."}}, {"model": "products.category", "pk": 5, "fields": {"name": "Sports & Outdoors", "description": "Fitness equipment, camping gear, and sports apparel."}}, {"model": "products.category", "pk": 6, "fields": {"name": "Books & Stationary", "description": "Fiction, non-fiction, textbooks, and office supplies."}}, {"model": "products.product", "pk": 1, "fields": {"title": "shirt", "description": "men's shirt", "price": "10.00", "stock": 20, "category": 2, "seller": 7, "image": "", "created_at": "2026-05-05T12:40:02.167Z", "updated_at": "2026-05-05T12:40:02.167Z"}}, {"model": "products.product", "pk": 2, "fields": {"title": "Wireless Noise-Canceling Headphones", "description": "High-quality over-ear headphones with active noise cancellation and 30-hour battery life.", "price": "299.99", "stock": 50, "category": 1, "seller": 4, "image": "", "created_at": "2026-05-05T12:51:57.465Z", "updated_at": "2026-05-05T12:51:57.465Z"}}, {"model": "products.product", "pk": 3, "fields": {"title": "Minimalist Leather Wallet", "description": "Genuine leather slim wallet with RFID blocking technology.", "price": "45.00", "stock": 120, "category": 2, "seller": 4, "image": "", "created_at": "2026-05-05T12:51:57.472Z", "updated_at": "2026-05-05T12:51:57.472Z"}}, {"model": "products.product", "pk": 4, "fields": {"title": "Smart Fitness Watch", "description": "Track your heart rate, sleep, and workouts with this waterproof smart watch.", "price": "149.50", "stock": 75, "category": 1, "seller": 4, "image": "", "created_at": "2026-05-05T12:51:57.481Z", "updated_at": "2026-05-05T12:51:57.481Z"}}, {"model": "products.product", "pk": 5, "fields": {"title": "Non-Stick Cookware Set", "description": "10-piece aluminum cookware set with glass lids and stay-cool handles.", "price": "129.99", "stock": 30, "category": 4, "seller": 4, "image": "", "created_at": "2026-05-05T12:51:57.490Z", "updated_at": "2026-05-05T12:51:57.490Z"}}, {"model": "products.product", "pk": 6, "fields": {"title": "Yoga Mat with Alignment Lines", "description": "Eco-friendly, non-slip yoga mat perfect for all types of yoga and fitness routines.", "price": "35.00", "stock": 200, "category": 5, "seller": 4, "image": "", "created_at": "2026-05-05T12:51:57.498Z", "updated_at": "2026-05-05T12:51:57.498Z"}}, {"model": "products.product", "pk": 7, "fields": {"title": "Best-Selling Sci-Fi Novel", "description": "A thrilling journey through the cosmos in this award-winning science fiction book.", "price": "19.99", "stock": 85, "category": 6, "seller": 4, "image": "", "created_at": "2026-05-05T12:51:57.506Z", "updated_at": "2026-05-05T12:51:57.506Z"}}, {"model": "products.product", "pk": 8, "fields": {"title": "Elegant Evening Dress", "description": "A beautiful floor-length evening gown perfect for formal occasions.", "price": "189.00", "stock": 15, "category": 3, "seller": 4, "image": "", "created_at": "2026-05-05T12:51:57.514Z", "updated_at": "2026-05-05T12:51:57.514Z"}}, {"model": "products.product", "pk": 9, "fields": {"title": "Stainless Steel Water Bottle", "description": "Vacuum insulated water bottle that keeps drinks cold for 24 hours or hot for 12 hours.", "price": "24.99", "stock": 150, "category": 5, "seller": 4, "image": "", "created_at": "2026-05-05T12:51:57.521Z", "updated_at": "2026-05-05T12:51:57.521Z"}}, {"model": "products.product", "pk": 10, "fields": {"title": "new product", "description": "newww", "price": "10.00", "stock": 10, "category": 1, "seller": 7, "image": "", "created_at": "2026-05-06T06:48:53.554Z", "updated_at": "2026-05-06T06:48:53.554Z"}}, {"model": "orders.cart", "pk": 1, "fields": {"user": 6, "created_at": "2026-05-05T12:48:16.330Z", "updated_at": "2026-05-05T12:48:16.330Z"}}, {"model": "orders.cart", "pk": 2, "fields": {"user": 7, "created_at": "2026-05-06T06:38:48.638Z", "updated_at": "2026-05-06T06:38:48.638Z"}}, {"model": "orders.cartitem", "pk": 10, "fields": {"cart": 1, "product": 10, "quantity": 1}}, {"model": "orders.cartitem", "pk": 11, "fields": {"cart": 1, "product": 9, "quantity": 1}}]
